[{"_id": "5a57b09d6514d52c7774a3b1", "transaction_date": "2017-12-15", "medium": "balance", "amount": 200, "description": "work", "status": "executed", "payee_id": "5a563d355eaa612c093b0b8b", "type": "deposit"},{"_id": "5a57b09d6514d52c7774a3b2", "transaction_date": "2017-12-30", "medium": "balance", "amount": 200, "description": "work", "status": "executed", "payee_id": "5a563d355eaa612c093b0b8b", "type": "deposit"},{"_id": "5a57b09d6514d52c7774a3b3", "transaction_date": "2018-1-15", "medium": "balance", "amount": 200, "description": "work", "status": "executed", "payee_id": "5a563d355eaa612c093b0b8b", "type": "deposit"},{"_id": "5a57b0ab6514d52c7774a3c8", "description": "work", "medium": "balance", "status": "executed", "amount": 200, "transaction_date": "2017-12-15", "payee_id": "5a563d355eaa612c093b0b8b", "type": "deposit"},{"_id": "5a57b0ab6514d52c7774a3c9", "description": "work", "medium": "balance", "status": "executed", "amount": 200, "transaction_date": "2017-12-30", "payee_id": "5a563d355eaa612c093b0b8b", "type": "deposit"},{"_id": "5a57b0ab6514d52c7774a3ca", "description": "work", "medium": "balance", "status": "executed", "amount": 200, "transaction_date": "2018-1-15", "payee_id": "5a563d355eaa612c093b0b8b", "type": "deposit"}]