[{"_id": "5a57aad66514d52c7774a395", "merchant_id": "57cf75cfa73e494d8675fa28", "medium": "balance", "purchase_date": "2018-01-08", "amount": 800, "status": "executed", "description": "Subway", "type": "merchant", "payer_id": "5a563d355eaa612c093b0b8b", "payee_id": "57cf75cfa73e494d8675fa28"},{"_id": "5a57ab786514d52c7774a396", "merchant_id": "57cf75cfa73e494d8675fa28", "medium": "balance", "purchase_date": "2018-01-08", "amount": 800, "status": "executed", "description": "Subway", "type": "merchant", "payer_id": "5a563d355eaa612c093b0b8b", "payee_id": "57cf75cfa73e494d8675fa28"},{"_id": "5a57ac146514d52c7774a398", "medium": "balance", "amount": 7, "description": "Subway", "purchase_date": "2018-01-08", "status": "executed", "merchant_id": "57cf75cfa73e494d8675fa28", "type": "merchant", "payer_id": "5a563d355eaa612c093b0b8b", "payee_id": "57cf75cfa73e494d8675fa28"},{"_id": "5a57b09c6514d52c7774a39d", "merchant_id": "57cf75cfa73e494d8675fa32", "description": "Sheetz", "status": "executed", "amount": 30, "medium": "balance", "purchase_date": "2017-12-11", "type": "merchant", "payer_id": "5a563d355eaa612c093b0b8b", "payee_id": "57cf75cfa73e494d8675fa32"},{"_id": "5a57b09c6514d52c7774a39e", "merchant_id": "57cf75cfa73e494d8675f9fb", "description": "CVS Pharmacy", "status": "executed", "amount": 20, "medium": "balance", "purchase_date": "2017-12-11", "type": "merchant", "payer_id": "5a563d355eaa612c093b0b8b", "payee_id": "57cf75cfa73e494d8675f9fb"},{"_id": "5a57b09c6514d52c7774a39f", "merchant_id": "57cf75cfa73e494d8675fa28", "description": "Subway", "status": "executed", "amount": 7, "medium": "balance", "purchase_date": "2018-01-08", "type": "merchant", "payer_id": "5a563d355eaa612c093b0b8b", "payee_id": "57cf75cfa73e494d8675fa28"},{"_id": "5a57b09c6514d52c7774a3a0", "merchant_id": "57cf75cfa73e494d8675f863", "description": "Whole Foods", "status": "executed", "amount": 60, "medium": "balance", "purchase_date": "2018-01-08", "type": "merchant", "payer_id": "5a563d355eaa612c093b0b8b", "payee_id": "57cf75cfa73e494d8675f863"},{"_id": "5a57b09c6514d52c7774a3a1", "merchant_id": "57cf75cfa73e494d8675fa32", "description": "Sheetz", "status": "executed", "amount": 30, "medium": "balance", "purchase_date": "2017-12-18", "type": "merchant", "payer_id": "5a563d355eaa612c093b0b8b", "payee_id": "57cf75cfa73e494d8675fa32"},{"_id": "5a57b09c6514d52c7774a3a2", "merchant_id": "57cf75cfa73e494d8675f9fb", "description": "CVS Pharmacy", "status": "executed", "amount": 20, "medium": "balance", "purchase_date": "2017-12-18", "type": "merchant", "payer_id": "5a563d355eaa612c093b0b8b", "payee_id": "57cf75cfa73e494d8675f9fb"},{"_id": "5a57b09d6514d52c7774a3a3", "merchant_id": "57cf75cfa73e494d8675fa28", "description": "Subway", "status": "executed", "amount": 7, "medium": "balance", "purchase_date": "2018-01-08", "type": "merchant", "payer_id": "5a563d355eaa612c093b0b8b", "payee_id": "57cf75cfa73e494d8675fa28"},{"_id": "5a57b09d6514d52c7774a3a4", "merchant_id": "57cf75cfa73e494d8675f863", "description": "Whole Foods", "status": "executed", "amount": 60, "medium": "balance", "purchase_date": "2018-01-08", "type": "merchant", "payer_id": "5a563d355eaa612c093b0b8b", "payee_id": "57cf75cfa73e494d8675f863"},{"_id": "5a57b09d6514d52c7774a3a5", "merchant_id": "57cf75cfa73e494d8675fa32", "description": "Sheetz", "status": "executed", "amount": 30, "medium": "balance", "purchase_date": "2017-12-25", "type": "merchant", "payer_id": "5a563d355eaa612c093b0b8b", "payee_id": "57cf75cfa73e494d8675fa32"},{"_id": "5a57b09d6514d52c7774a3a6", "merchant_id": "57cf75cfa73e494d8675f9fb", "description": "CVS Pharmacy", "status": "executed", "amount": 20, "medium": "balance", "purchase_date": "2017-12-25", "type": "merchant", "payer_id": "5a563d355eaa612c093b0b8b", "payee_id": "57cf75cfa73e494d8675f9fb"},{"_id": "5a57b09d6514d52c7774a3a7", "merchant_id": "57cf75cfa73e494d8675fa28", "description": "Subway", "status": "executed", "amount": 7, "medium": "balance", "purchase_date": "2018-01-08", "type": "merchant", "payer_id": "5a563d355eaa612c093b0b8b", "payee_id": "57cf75cfa73e494d8675fa28"},{"_id": "5a57b09d6514d52c7774a3a8", "merchant_id": "57cf75cfa73e494d8675f863", "description": "Whole Foods", "status": "executed", "amount": 60, "medium": "balance", "purchase_date": "2018-01-08", "type": "merchant", "payer_id": "5a563d355eaa612c093b0b8b", "payee_id": "57cf75cfa73e494d8675f863"},{"_id": "5a57b09d6514d52c7774a3a9", "merchant_id": "57cf75cfa73e494d8675fa32", "description": "Sheetz", "status": "executed", "amount": 30, "medium": "balance", "purchase_date": "2018-01-01", "type": "merchant", "payer_id": "5a563d355eaa612c093b0b8b", "payee_id": "57cf75cfa73e494d8675fa32"},{"_id": "5a57b09d6514d52c7774a3aa", "merchant_id": "57cf75cfa73e494d8675f9fb", "description": "CVS Pharmacy", "status": "executed", "amount": 20, "medium": "balance", "purchase_date": "2018-01-01", "type": "merchant", "payer_id": "5a563d355eaa612c093b0b8b", "payee_id": "57cf75cfa73e494d8675f9fb"},{"_id": "5a57b09d6514d52c7774a3ab", "merchant_id": "57cf75cfa73e494d8675fa28", "description": "Subway", "status": "executed", "amount": 7, "medium": "balance", "purchase_date": "2018-01-08", "type": "merchant", "payer_id": "5a563d355eaa612c093b0b8b", "payee_id": "57cf75cfa73e494d8675fa28"},{"_id": "5a57b09d6514d52c7774a3ac", "merchant_id": "57cf75cfa73e494d8675f863", "description": "Whole Foods", "status": "executed", "amount": 60, "medium": "balance", "purchase_date": "2018-01-08", "type": "merchant", "payer_id": "5a563d355eaa612c093b0b8b", "payee_id": "57cf75cfa73e494d8675f863"},{"_id": "5a57b09d6514d52c7774a3ad", "merchant_id": "57cf75cfa73e494d8675fa32", "description": "Sheetz", "status": "executed", "amount": 30, "medium": "balance", "purchase_date": "2018-01-08", "type": "merchant", "payer_id": "5a563d355eaa612c093b0b8b", "payee_id": "57cf75cfa73e494d8675fa32"},{"_id": "5a57b09d6514d52c7774a3ae", "merchant_id": "57cf75cfa73e494d8675f9fb", "description": "CVS Pharmacy", "status": "executed", "amount": 20, "medium": "balance", "purchase_date": "2018-01-08", "type": "merchant", "payer_id": "5a563d355eaa612c093b0b8b", "payee_id": "57cf75cfa73e494d8675f9fb"},{"_id": "5a57b09d6514d52c7774a3af", "merchant_id": "57cf75cfa73e494d8675fa28", "description": "Subway", "status": "executed", "amount": 7, "medium": "balance", "purchase_date": "2018-01-08", "type": "merchant", "payer_id": "5a563d355eaa612c093b0b8b", "payee_id": "57cf75cfa73e494d8675fa28"},{"_id": "5a57b09d6514d52c7774a3b0", "merchant_id": "57cf75cfa73e494d8675f863", "description": "Whole Foods", "status": "executed", "amount": 60, "medium": "balance", "purchase_date": "2018-01-08", "type": "merchant", "payer_id": "5a563d355eaa612c093b0b8b", "payee_id": "57cf75cfa73e494d8675f863"},{"_id": "5a57b0ab6514d52c7774a3b4", "medium": "balance", "status": "executed", "purchase_date": "2017-12-11", "description": "Sheetz", "merchant_id": "57cf75cfa73e494d8675fa32", "amount": 30, "type": "merchant", "payer_id": "5a563d355eaa612c093b0b8b", "payee_id": "57cf75cfa73e494d8675fa32"},{"_id": "5a57b0ab6514d52c7774a3b5", "medium": "balance", "status": "executed", "purchase_date": "2017-12-11", "description": "CVS Pharmacy", "merchant_id": "57cf75cfa73e494d8675f9fb", "amount": 20, "type": "merchant", "payer_id": "5a563d355eaa612c093b0b8b", "payee_id": "57cf75cfa73e494d8675f9fb"},{"_id": "5a57b0ab6514d52c7774a3b6", "medium": "balance", "status": "executed", "purchase_date": "2018-01-08", "description": "Subway", "merchant_id": "57cf75cfa73e494d8675fa28", "amount": 7, "type": "merchant", "payer_id": "5a563d355eaa612c093b0b8b", "payee_id": "57cf75cfa73e494d8675fa28"},{"_id": "5a57b0ab6514d52c7774a3b7", "medium": "balance", "status": "executed", "purchase_date": "2018-01-08", "description": "Whole Foods", "merchant_id": "57cf75cfa73e494d8675f863", "amount": 60, "type": "merchant", "payer_id": "5a563d355eaa612c093b0b8b", "payee_id": "57cf75cfa73e494d8675f863"},{"_id": "5a57b0ab6514d52c7774a3b8", "medium": "balance", "status": "executed", "purchase_date": "2017-12-18", "description": "Sheetz", "merchant_id": "57cf75cfa73e494d8675fa32", "amount": 30, "type": "merchant", "payer_id": "5a563d355eaa612c093b0b8b", "payee_id": "57cf75cfa73e494d8675fa32"},{"_id": "5a57b0ab6514d52c7774a3b9", "medium": "balance", "status": "executed", "purchase_date": "2017-12-18", "description": "CVS Pharmacy", "merchant_id": "57cf75cfa73e494d8675f9fb", "amount": 20, "type": "merchant", "payer_id": "5a563d355eaa612c093b0b8b", "payee_id": "57cf75cfa73e494d8675f9fb"},{"_id": "5a57b0ab6514d52c7774a3ba", "medium": "balance", "status": "executed", "purchase_date": "2018-01-08", "description": "Subway", "merchant_id": "57cf75cfa73e494d8675fa28", "amount": 7, "type": "merchant", "payer_id": "5a563d355eaa612c093b0b8b", "payee_id": "57cf75cfa73e494d8675fa28"},{"_id": "5a57b0ab6514d52c7774a3bb", "medium": "balance", "status": "executed", "purchase_date": "2018-01-08", "description": "Whole Foods", "merchant_id": "57cf75cfa73e494d8675f863", "amount": 60, "type": "merchant", "payer_id": "5a563d355eaa612c093b0b8b", "payee_id": "57cf75cfa73e494d8675f863"},{"_id": "5a57b0ab6514d52c7774a3bc", "medium": "balance", "status": "executed", "purchase_date": "2017-12-25", "description": "Sheetz", "merchant_id": "57cf75cfa73e494d8675fa32", "amount": 30, "type": "merchant", "payer_id": "5a563d355eaa612c093b0b8b", "payee_id": "57cf75cfa73e494d8675fa32"},{"_id": "5a57b0ab6514d52c7774a3bd", "medium": "balance", "status": "executed", "purchase_date": "2017-12-25", "description": "CVS Pharmacy", "merchant_id": "57cf75cfa73e494d8675f9fb", "amount": 20, "type": "merchant", "payer_id": "5a563d355eaa612c093b0b8b", "payee_id": "57cf75cfa73e494d8675f9fb"},{"_id": "5a57b0ab6514d52c7774a3be", "medium": "balance", "status": "executed", "purchase_date": "2018-01-08", "description": "Subway", "merchant_id": "57cf75cfa73e494d8675fa28", "amount": 7, "type": "merchant", "payer_id": "5a563d355eaa612c093b0b8b", "payee_id": "57cf75cfa73e494d8675fa28"},{"_id": "5a57b0ab6514d52c7774a3bf", "medium": "balance", "status": "executed", "purchase_date": "2018-01-08", "description": "Whole Foods", "merchant_id": "57cf75cfa73e494d8675f863", "amount": 60, "type": "merchant", "payer_id": "5a563d355eaa612c093b0b8b", "payee_id": "57cf75cfa73e494d8675f863"},{"_id": "5a57b0ab6514d52c7774a3c0", "medium": "balance", "status": "executed", "purchase_date": "2018-01-01", "description": "Sheetz", "merchant_id": "57cf75cfa73e494d8675fa32", "amount": 30, "type": "merchant", "payer_id": "5a563d355eaa612c093b0b8b", "payee_id": "57cf75cfa73e494d8675fa32"},{"_id": "5a57b0ab6514d52c7774a3c1", "medium": "balance", "status": "executed", "purchase_date": "2018-01-01", "description": "CVS Pharmacy", "merchant_id": "57cf75cfa73e494d8675f9fb", "amount": 20, "type": "merchant", "payer_id": "5a563d355eaa612c093b0b8b", "payee_id": "57cf75cfa73e494d8675f9fb"},{"_id": "5a57b0ab6514d52c7774a3c2", "medium": "balance", "status": "executed", "purchase_date": "2018-01-08", "description": "Subway", "merchant_id": "57cf75cfa73e494d8675fa28", "amount": 7, "type": "merchant", "payer_id": "5a563d355eaa612c093b0b8b", "payee_id": "57cf75cfa73e494d8675fa28"},{"_id": "5a57b0ab6514d52c7774a3c3", "medium": "balance", "status": "executed", "purchase_date": "2018-01-08", "description": "Whole Foods", "merchant_id": "57cf75cfa73e494d8675f863", "amount": 60, "type": "merchant", "payer_id": "5a563d355eaa612c093b0b8b", "payee_id": "57cf75cfa73e494d8675f863"},{"_id": "5a57b0ab6514d52c7774a3c4", "medium": "balance", "status": "executed", "purchase_date": "2018-01-08", "description": "Sheetz", "merchant_id": "57cf75cfa73e494d8675fa32", "amount": 30, "type": "merchant", "payer_id": "5a563d355eaa612c093b0b8b", "payee_id": "57cf75cfa73e494d8675fa32"},{"_id": "5a57b0ab6514d52c7774a3c5", "medium": "balance", "status": "executed", "purchase_date": "2018-01-08", "description": "CVS Pharmacy", "merchant_id": "57cf75cfa73e494d8675f9fb", "amount": 20, "type": "merchant", "payer_id": "5a563d355eaa612c093b0b8b", "payee_id": "57cf75cfa73e494d8675f9fb"},{"_id": "5a57b0ab6514d52c7774a3c6", "medium": "balance", "status": "executed", "purchase_date": "2018-01-08", "description": "Subway", "merchant_id": "57cf75cfa73e494d8675fa28", "amount": 7, "type": "merchant", "payer_id": "5a563d355eaa612c093b0b8b", "payee_id": "57cf75cfa73e494d8675fa28"},{"_id": "5a57b0ab6514d52c7774a3c7", "medium": "balance", "status": "executed", "purchase_date": "2018-01-08", "description": "Whole Foods", "merchant_id": "57cf75cfa73e494d8675f863", "amount": 60, "type": "merchant", "payer_id": "5a563d355eaa612c093b0b8b", "payee_id": "57cf75cfa73e494d8675f863"},{"_id": "5a57b0ab6514d52c7774a3cb", "medium": "balance", "status": "executed", "purchase_date": "2017-01-03", "description": "Vans", "merchant_id": "57cf75cfa73e494d8675f9c6", "amount": 60, "type": "merchant", "payer_id": "5a563d355eaa612c093b0b8b", "payee_id": "57cf75cfa73e494d8675f9c6"},{"_id": "5a57b0ab6514d52c7774a3cc", "medium": "balance", "status": "executed", "purchase_date": "2017-01-03", "description": "Phoenix Park Hotel", "merchant_id": "57cf75cfa73e494d8675f802", "amount": 800, "type": "merchant", "payer_id": "5a563d355eaa612c093b0b8b", "payee_id": "57cf75cfa73e494d8675f802"},{"_id": "5a57b0ab6514d52c7774a3cd", "medium": "balance", "status": "executed", "purchase_date": "2017-01-07", "description": "Mead Center - Movies", "merchant_id": "57cf75cfa73e494d8675f8bd", "amount": 11, "type": "merchant", "payer_id": "5a563d355eaa612c093b0b8b", "payee_id": "57cf75cfa73e494d8675f8bd"},{"_id": "5a57b0ab6514d52c7774a3ce", "medium": "balance", "status": "executed", "purchase_date": "2017-01-03", "description": "AT&T", "merchant_id": "57cf75cfa73e494d8675f9fc", "amount": 80, "type": "merchant", "payer_id": "5a563d355eaa612c093b0b8b", "payee_id": "57cf75cfa73e494d8675f9fc"}]